,Train Recall,Test Recall,Train ROC-AUC,Test ROC-AUC
Logistic Regression,68.25879288,69.60784314,66.65219279,68.39767157
Naive Bayes,66.1311333,62.74509804,66.97785497,65.48713235
Decision Tree,75.07598784,53.92156863,74.88059053,64.11356209
KNN,77.29049066,57.84313725,75.3582284,64.42504085
SVM,74.16413374,71.56862745,66.10942249,64.95098039
Random Forest,75.7273122,49.01960784,77.46417716,64.52716503
XGBoost,75.68389058,36.2745098,80.35171515,60.41156046
