Train Recall,Test Recall,Train ROC-AUC,Test ROC-AUC
68.12852800694746,68.62745098039215,66.54363873208858,67.90747549019608
66.0442900564481,62.745098039215684,66.97785497177594,65.48713235294117
75.07598784194529,53.92156862745098,74.88059053408598,64.11356209150327
77.94181502388189,57.84313725490197,75.85757707338254,64.42504084967321
74.1207121146331,70.58823529411765,66.23968736430743,64.63439542483661
76.1615284411637,50.0,77.63786365610073,64.6701388888889
76.63916630481981,39.21568627450981,80.72079895788103,61.88214869281046
