,Train Recall,Test Recall,Train ROC-AUC,Test ROC-AUC
Logistic Regression,68.14198072,61.38613861,66.63014899,61.16592395
Naive Bayes,57.93163891,59.40594059,65.09640666,65.34219972
Decision Tree,89.04469763,86.13861386,66.38913234,63.38454336
KNN,78.74671341,62.37623762,70.04820333,59.55939727
SVM,72.48028046,70.2970297,66.76161262,63.95762168
Random Forest,83.47940403,65.34653465,73.20333041,62.44559657
XGBoost,84.44347064,70.2970297,71.60385627,62.46900522
