Train Recall,Test Recall,Train ROC-AUC,Test ROC-AUC
68.25879287885367,69.6078431372549,66.65219279201041,68.39767156862746
66.13113330438559,62.745098039215684,66.97785497177594,65.48713235294117
75.07598784194529,53.92156862745098,74.88059053408598,64.11356209150327
77.29049066435084,57.84313725490197,75.35822839774207,64.42504084967321
74.16413373860182,71.56862745098039,66.10942249240122,64.95098039215686
75.72731220147634,49.01960784313725,77.4641771602258,64.52716503267975
75.6838905775076,36.27450980392157,80.35171515414676,60.411560457516345
