Train Recall,Test Recall,Train ROC-AUC,Test ROC-AUC
70.25036818851251,59.34065934065934,68.21305841924399,62.70954535660418
53.36278841433481,42.857142857142854,64.580265095729,59.075630252100844
81.59057437407952,69.23076923076923,68.77761413843888,59.90950226244344
81.5414825724104,65.93406593406593,71.67403043691702,62.084680025856485
73.49042709867453,64.83516483516483,68.21305841924399,63.594053005817706
77.36867943053511,54.94505494505495,73.49042709867452,59.62939021762551
80.01963672066765,59.34065934065934,74.98772704958272,62.121310062486536
